reference_image_id,url,created_at
6da30546-7cf8-418d-b793-9ddca8720d26,https://uscwuogmxxaxwvfueasr.supabase.co/storage/v1/object/public/layerminder-warehouse/reference/01094d68f1a882863496475807a53b95.jpg,2025-08-06T23:58:25.442843
1884053c-ec59-4aa8-ab52-254df0879bc5,https://uscwuogmxxaxwvfueasr.supabase.co/storage/v1/object/public/layerminder-warehouse/reference/01f318d283114e6296e7e37a420fce96.jpg,2025-08-06T23:58:25.442843
13370d34-32d4-4619-96ff-fa90a48dd2e3,https://uscwuogmxxaxwvfueasr.supabase.co/storage/v1/object/public/layerminder-warehouse/reference/03-projects-tables-hermes.jpg,2025-08-06T23:58:25.442843
91f85032-f9ff-454a-a134-2f089f1d6865,https://uscwuogmxxaxwvfueasr.supabase.co/storage/v1/object/public/layerminder-warehouse/reference/04d52d697bfd06b6dc4b90ba1a48288d.jpg,2025-08-06T23:58:25.442843
38e3613d-11d8-4357-bf93-4306d249e71a,https://uscwuogmxxaxwvfueasr.supabase.co/storage/v1/object/public/layerminder-warehouse/reference/0735a5ac14d42863c126f09b7eae1468.jpg,2025-08-06T23:58:25.442843
f3edbf84-44fd-49b7-be17-89822b1da1a0,https://uscwuogmxxaxwvfueasr.supabase.co/storage/v1/object/public/layerminder-warehouse/reference/083bf2d9c998184a74b6592aa1a60262.jpg,2025-08-06T23:58:25.442843
e931a0b6-81c9-47e5-a33f-38f2d1a1d416,https://uscwuogmxxaxwvfueasr.supabase.co/storage/v1/object/public/layerminder-warehouse/reference/08546caadadbcacc5a0a5cdbf58cb5a7.jpg,2025-08-06T23:58:25.442843
5ee0abce-0b40-4b50-bbf1-628a40ce1756,https://uscwuogmxxaxwvfueasr.supabase.co/storage/v1/object/public/layerminder-warehouse/reference/0b475f64bedc2f30f6aca4e9dd26d1b3.jpg,2025-08-06T23:58:25.442843
ce93e270-3238-4de3-9841-e98d51f6c092,https://uscwuogmxxaxwvfueasr.supabase.co/storage/v1/object/public/layerminder-warehouse/reference/0bb44ccda2dc54414792595591088826.jpg,2025-08-06T23:58:25.442843
d4c03fd0-25b5-4eab-97a4-e0269302c98c,https://uscwuogmxxaxwvfueasr.supabase.co/storage/v1/object/public/layerminder-warehouse/reference/0f5b4d5b1f947a4cf8740b6b2c40770c.jpg,2025-08-06T23:58:25.442843
2f95028b-4dbe-47b2-a76b-26f2dc94a008,https://uscwuogmxxaxwvfueasr.supabase.co/storage/v1/object/public/layerminder-warehouse/reference/0ff16034a7cbf05a56b6f95571e21486.png,2025-08-06T23:58:25.442843
a2729bb9-e080-4cf4-b9b1-696bab4a63c7,https://uscwuogmxxaxwvfueasr.supabase.co/storage/v1/object/public/layerminder-warehouse/reference/1023f218fa1ec4266185f865ab917e87.png,2025-08-06T23:58:25.442843
8ec24378-84c7-43b5-9188-3f684c3ad4e8,https://uscwuogmxxaxwvfueasr.supabase.co/storage/v1/object/public/layerminder-warehouse/reference/1111.JPG,2025-08-06T23:58:25.442843
836f3d24-cb0c-4507-b202-bebc9396858f,https://uscwuogmxxaxwvfueasr.supabase.co/storage/v1/object/public/layerminder-warehouse/reference/1203cd7376048e9333dc81e78858bea7.png,2025-08-06T23:58:25.442843
b7d09845-7b34-4f0a-b3e4-6a96fc1fe3d3,https://uscwuogmxxaxwvfueasr.supabase.co/storage/v1/object/public/layerminder-warehouse/reference/1244611feaeaf3d0874079bb2338fe05.jpg,2025-08-06T23:58:25.442843
98f8f9e4-acad-4e1f-ba5c-f63313cf64f4,https://uscwuogmxxaxwvfueasr.supabase.co/storage/v1/object/public/layerminder-warehouse/reference/1355ecbb0f3971d894687535236d7944.jpg,2025-08-06T23:58:25.442843
ee210c4d-6cae-4beb-b964-07ddf06c7386,https://uscwuogmxxaxwvfueasr.supabase.co/storage/v1/object/public/layerminder-warehouse/reference/1f0b62166427f3ad57f7058db56c16b0.png,2025-08-06T23:58:25.442843
83084246-fd10-4266-9c97-9deb10d0de64,https://uscwuogmxxaxwvfueasr.supabase.co/storage/v1/object/public/layerminder-warehouse/reference/2006AA6419_2560.jpg,2025-08-06T23:58:25.442843
5988903f-604f-43ea-bb0d-0a7c246b79a4,https://uscwuogmxxaxwvfueasr.supabase.co/storage/v1/object/public/layerminder-warehouse/reference/238a21804866bf1d9e55610dd434e4b6.jpg,2025-08-06T23:58:25.442843
a88be12e-1f84-4c3b-847b-87b4d15dfee5,https://uscwuogmxxaxwvfueasr.supabase.co/storage/v1/object/public/layerminder-warehouse/reference/279fd7a14c5952f6dbabb2008d673172.jpg,2025-08-06T23:58:25.442843
c72ed5a3-d51e-40fa-8160-b359274cf57c,https://uscwuogmxxaxwvfueasr.supabase.co/storage/v1/object/public/layerminder-warehouse/reference/2ee687f4d79bfacfe8ac4e1526ad279f.png,2025-08-06T23:58:25.442843
59557ee6-36f9-4aa0-a68b-a312ac286a5a,https://uscwuogmxxaxwvfueasr.supabase.co/storage/v1/object/public/layerminder-warehouse/reference/2fe56e16fe2f288ba99fbf30491fc0c0.png,2025-08-06T23:58:25.442843
434f16cc-f4d6-4753-9190-db345b2e614b,https://uscwuogmxxaxwvfueasr.supabase.co/storage/v1/object/public/layerminder-warehouse/reference/30fd97ff58ce966c1fb505c5cc8e5583.jpg,2025-08-06T23:58:25.442843
c9f177bc-5cd9-49b9-b83d-de2e2b962955,https://uscwuogmxxaxwvfueasr.supabase.co/storage/v1/object/public/layerminder-warehouse/reference/312d5383c4711597cf8d694687a1517d.jpg,2025-08-06T23:58:25.442843
595c78f6-594a-4e84-b497-e5ada8c8293a,https://uscwuogmxxaxwvfueasr.supabase.co/storage/v1/object/public/layerminder-warehouse/reference/33e6af014f1c67d24234b057b0c05eeb.jpg,2025-08-06T23:58:25.442843
5cc1315f-8e6a-43c0-978b-3e9583d8f83d,https://uscwuogmxxaxwvfueasr.supabase.co/storage/v1/object/public/layerminder-warehouse/reference/39113862.jpg,2025-08-06T23:58:25.442843
1b264bcc-937e-483b-80f9-1f596c307e93,https://uscwuogmxxaxwvfueasr.supabase.co/storage/v1/object/public/layerminder-warehouse/reference/39113913.jpg,2025-08-06T23:58:25.442843
6f89187d-c0d2-42b2-8a14-a9e2a9ff01c6,https://uscwuogmxxaxwvfueasr.supabase.co/storage/v1/object/public/layerminder-warehouse/reference/3a20c943ec7f2bdb0e5e7a8f764c09c6.jpg,2025-08-06T23:58:25.442843
287b370f-4ea8-4f77-9ee1-7a55907e751e,https://uscwuogmxxaxwvfueasr.supabase.co/storage/v1/object/public/layerminder-warehouse/reference/3aa016d36a6f3c271095d12834bcab2a.png,2025-08-06T23:58:25.442843
52f653c8-7b1b-405b-ba77-0d25da87ecf0,https://uscwuogmxxaxwvfueasr.supabase.co/storage/v1/object/public/layerminder-warehouse/reference/41d3969d379ed60a1ab10228f062f34d.jpg,2025-08-06T23:58:25.442843
5fad1418-41ef-4488-b141-f582c71fe748,https://uscwuogmxxaxwvfueasr.supabase.co/storage/v1/object/public/layerminder-warehouse/reference/431f6fe79d2263d6f268c41a850d6688.jpg,2025-08-06T23:58:25.442843
7e795bd5-cac6-4b44-a27b-96458ad9ae62,https://uscwuogmxxaxwvfueasr.supabase.co/storage/v1/object/public/layerminder-warehouse/reference/439bd759ad4098d73f1f9ca216f6d234.jpg,2025-08-06T23:58:25.442843
ba060a5a-eaf7-429e-b73a-5cfca7e70dc7,https://uscwuogmxxaxwvfueasr.supabase.co/storage/v1/object/public/layerminder-warehouse/reference/43dfe24f89fd1b9dbed8c717f7ea4347.jpg,2025-08-06T23:58:25.442843
4cf66fdf-9520-4980-b8b9-21e74e06336e,https://uscwuogmxxaxwvfueasr.supabase.co/storage/v1/object/public/layerminder-warehouse/reference/44cbc8695c18329cba7e859b01fbccd8.jpg,2025-08-06T23:58:25.442843
9119e116-76bc-4548-909a-518b83ce321d,https://uscwuogmxxaxwvfueasr.supabase.co/storage/v1/object/public/layerminder-warehouse/reference/4aa487e6ac7e0d7e2d0b504e7382a489.jpg,2025-08-06T23:58:25.442843
a4b99a82-b732-411a-9874-d5fa360c5654,https://uscwuogmxxaxwvfueasr.supabase.co/storage/v1/object/public/layerminder-warehouse/reference/4b24293c6d0e21b7bdaf1c704398f73a.jpg,2025-08-06T23:58:25.442843
f7a76717-664b-4458-8a37-6bf2bd50c7cc,https://uscwuogmxxaxwvfueasr.supabase.co/storage/v1/object/public/layerminder-warehouse/reference/512bb04c4928e1a88e3901df3c50d43d.jpg,2025-08-06T23:58:25.442843
ed5392ac-66b7-4663-9b7e-76ceb4a3e5ab,https://uscwuogmxxaxwvfueasr.supabase.co/storage/v1/object/public/layerminder-warehouse/reference/52b5be5472003b9d4a700d51e9acd0d4.jpg,2025-08-06T23:58:25.442843
9eb347d6-d87c-477c-83db-6de39457f1c0,https://uscwuogmxxaxwvfueasr.supabase.co/storage/v1/object/public/layerminder-warehouse/reference/537514ecc481af161a8b434c1b2e008e.jpg,2025-08-06T23:58:25.442843
30481665-17ae-453d-88a6-7ff85185e9a2,https://uscwuogmxxaxwvfueasr.supabase.co/storage/v1/object/public/layerminder-warehouse/reference/53961417.jpg,2025-08-06T23:58:25.442843
0da16051-71f4-4063-82d5-da99c8dec619,https://uscwuogmxxaxwvfueasr.supabase.co/storage/v1/object/public/layerminder-warehouse/reference/543140658a385ba49bf8154bfaac0cb8.jpg,2025-08-06T23:58:25.442843
12bf34de-fdd4-473f-b75f-0312b123f585,https://uscwuogmxxaxwvfueasr.supabase.co/storage/v1/object/public/layerminder-warehouse/reference/56e5a9411da1c918afc01e2833386159.jpg,2025-08-06T23:58:25.442843
ba8cb914-af6d-404d-90c3-40f49003a0b8,https://uscwuogmxxaxwvfueasr.supabase.co/storage/v1/object/public/layerminder-warehouse/reference/5f5788dd3e08fe017330161f_quindici-mattiazzi-1.png,2025-08-06T23:58:25.442843
cc0dc353-7c94-4628-80dc-8ca852162b45,https://uscwuogmxxaxwvfueasr.supabase.co/storage/v1/object/public/layerminder-warehouse/reference/5fa73f363f2d41b4c0a151c18b2dfb67.jpg,2025-08-06T23:58:25.442843
38aac295-f8fd-479c-95e5-4c5a44c3b36d,https://uscwuogmxxaxwvfueasr.supabase.co/storage/v1/object/public/layerminder-warehouse/reference/62a3d462318ae25e9235852df273abc6.jpg,2025-08-06T23:58:25.442843
a5adbfc9-a4fe-4536-ae0f-8ea9918906e5,https://uscwuogmxxaxwvfueasr.supabase.co/storage/v1/object/public/layerminder-warehouse/reference/62baa94172ac3e23fcd47bd22e7aa4f2.jpg,2025-08-06T23:58:25.442843
a9bc966e-91e3-47aa-b8b2-eedbd8838fb1,https://uscwuogmxxaxwvfueasr.supabase.co/storage/v1/object/public/layerminder-warehouse/reference/63ed1a1b08d725103afe8b31b5e2f5a0.jpg,2025-08-06T23:58:25.442843
2e96e396-9b23-45a4-83c1-45b9367fb61d,https://uscwuogmxxaxwvfueasr.supabase.co/storage/v1/object/public/layerminder-warehouse/reference/6562f72354e04a962334a3f142f29988.jpg,2025-08-06T23:58:25.442843
43c36d9f-939f-4c80-8652-5ccf36b0cc7b,https://uscwuogmxxaxwvfueasr.supabase.co/storage/v1/object/public/layerminder-warehouse/reference/6dc2699d20ca33e4ffc457b6daf7192a.jpg,2025-08-06T23:58:25.442843
1d629913-c9f0-466f-a0e2-a4e030fc1595,https://uscwuogmxxaxwvfueasr.supabase.co/storage/v1/object/public/layerminder-warehouse/reference/72901307.jpg,2025-08-06T23:58:25.442843
ce649ca4-67ca-411d-b672-0401a8743dc4,https://uscwuogmxxaxwvfueasr.supabase.co/storage/v1/object/public/layerminder-warehouse/reference/72926589.jpg,2025-08-06T23:58:25.442843
5f6a8aae-5387-40d6-9384-bad16f59c69f,https://uscwuogmxxaxwvfueasr.supabase.co/storage/v1/object/public/layerminder-warehouse/reference/72934141.jpg,2025-08-06T23:58:25.442843
106fd541-10d8-41db-8be3-ddfe64c44a9a,https://uscwuogmxxaxwvfueasr.supabase.co/storage/v1/object/public/layerminder-warehouse/reference/72967916.jpg,2025-08-06T23:58:25.442843
36c505e3-4282-4650-9ba7-4686210aa507,https://uscwuogmxxaxwvfueasr.supabase.co/storage/v1/object/public/layerminder-warehouse/reference/73246195.jpg,2025-08-06T23:58:25.442843
99f7638e-40f6-457f-a95b-acc62d352b59,https://uscwuogmxxaxwvfueasr.supabase.co/storage/v1/object/public/layerminder-warehouse/reference/73728567.jpg,2025-08-06T23:58:25.442843
02191f69-acfb-47b0-a96e-129d9127db35,https://uscwuogmxxaxwvfueasr.supabase.co/storage/v1/object/public/layerminder-warehouse/reference/73a9db79dd2e76678eb2da2f8868c793.jpg,2025-08-06T23:58:25.442843
5ceb64af-9e37-404e-8bcb-5cc77da7e892,https://uscwuogmxxaxwvfueasr.supabase.co/storage/v1/object/public/layerminder-warehouse/reference/73e5845d8f09f26bac385527505a84c3.jpg,2025-08-06T23:58:25.442843
9d329bff-7e92-4d4c-ab79-9c91e72cb974,https://uscwuogmxxaxwvfueasr.supabase.co/storage/v1/object/public/layerminder-warehouse/reference/7686e58f44f4981f38f7aaadb9add71d.jpg,2025-08-06T23:58:25.442843
bb068a22-d0e6-480d-a2a8-3ea4b92e5586,https://uscwuogmxxaxwvfueasr.supabase.co/storage/v1/object/public/layerminder-warehouse/reference/774f0ddddf79a8ef56e4d62ba76a07ad.jpg,2025-08-06T23:58:25.442843
f9d8274e-a144-4e80-902d-923c1ace9d6e,https://uscwuogmxxaxwvfueasr.supabase.co/storage/v1/object/public/layerminder-warehouse/reference/787c5de1ee2c2ef031d43d912acbe755.jpg,2025-08-06T23:58:25.442843
64e193e9-83c4-4c3f-9d98-4905da687378,https://uscwuogmxxaxwvfueasr.supabase.co/storage/v1/object/public/layerminder-warehouse/reference/79c35f538fc21dce7f9cd81e5b29344e.jpg,2025-08-06T23:58:25.442843
8a8ee8b5-1123-42e2-b087-e1d6ede3c806,https://uscwuogmxxaxwvfueasr.supabase.co/storage/v1/object/public/layerminder-warehouse/reference/7accbfcc386887156faee77ba2d6d9e9.jpg,2025-08-06T23:58:25.442843
64a3c470-1d6f-409f-a312-b086f61366fc,https://uscwuogmxxaxwvfueasr.supabase.co/storage/v1/object/public/layerminder-warehouse/reference/7c64c10845e6a354c87804a1c5698ad7.jpg,2025-08-06T23:58:25.442843
e6e07738-e29d-40c8-8c88-201edb802aeb,https://uscwuogmxxaxwvfueasr.supabase.co/storage/v1/object/public/layerminder-warehouse/reference/7e4f65bb2425932518a89555e9d4d1b7.jpg,2025-08-06T23:58:25.442843
78d518b6-5148-41f6-883e-52624d30ba5b,https://uscwuogmxxaxwvfueasr.supabase.co/storage/v1/object/public/layerminder-warehouse/reference/7e73edb0fbf32a42a64346c75009e700.png,2025-08-06T23:58:25.442843
24a15143-2f72-4c7d-b35e-4d4df0f728a4,https://uscwuogmxxaxwvfueasr.supabase.co/storage/v1/object/public/layerminder-warehouse/reference/7f65e56583c292d0d97b2ef0705ba47b.png,2025-08-06T23:58:25.442843
e7c604ba-ed2d-441f-bdd6-70c383356046,https://uscwuogmxxaxwvfueasr.supabase.co/storage/v1/object/public/layerminder-warehouse/reference/80d1117a15345001edda927f8b0ed8da.jpg,2025-08-06T23:58:25.442843
f143d3f6-6685-4c8d-9d88-8995914bb22b,https://uscwuogmxxaxwvfueasr.supabase.co/storage/v1/object/public/layerminder-warehouse/reference/81428e006bf2f39bcc5b0269059a4e12.jpg,2025-08-06T23:58:25.442843
6eaf13e0-7783-43c4-93b7-0c08d4805f6d,https://uscwuogmxxaxwvfueasr.supabase.co/storage/v1/object/public/layerminder-warehouse/reference/8254c1cfbcfb46267691fc9f70dd1dd7.jpg,2025-08-06T23:58:25.442843
d73eac1a-f203-4ab5-9bfb-3e027cab707f,https://uscwuogmxxaxwvfueasr.supabase.co/storage/v1/object/public/layerminder-warehouse/reference/84f18659d7035874ab32f466cf930898.png,2025-08-06T23:58:25.442843
79054e84-8703-4d5e-8060-edd66b44ba0e,https://uscwuogmxxaxwvfueasr.supabase.co/storage/v1/object/public/layerminder-warehouse/reference/85035a0fefd0586fa454124e69aeca18.jpg,2025-08-06T23:58:25.442843
b7cf0ca9-37f1-466f-9c3f-0df4754d2ae7,https://uscwuogmxxaxwvfueasr.supabase.co/storage/v1/object/public/layerminder-warehouse/reference/8715908113e927e610104e1b1e25b66e.jpg,2025-08-06T23:58:25.442843
3b7e01c5-1e4f-44d1-8afe-b3a87279b786,https://uscwuogmxxaxwvfueasr.supabase.co/storage/v1/object/public/layerminder-warehouse/reference/885f10876f74bb7d42c948d4f20a37bd.png,2025-08-06T23:58:25.442843
b9a01088-b3d3-4591-917f-97c03c3ed800,https://uscwuogmxxaxwvfueasr.supabase.co/storage/v1/object/public/layerminder-warehouse/reference/88638fe79e7eb6ca79fb40f6bd7da170.jpg,2025-08-06T23:58:25.442843
f5526b44-b18a-4da7-91cb-2940d5b42b7a,https://uscwuogmxxaxwvfueasr.supabase.co/storage/v1/object/public/layerminder-warehouse/reference/88b79b64912812f6978a9fa2293785ad.jpg,2025-08-06T23:58:25.442843
e95372a7-907b-4f81-8996-1eb644376fa6,https://uscwuogmxxaxwvfueasr.supabase.co/storage/v1/object/public/layerminder-warehouse/reference/89281b58c1f029620321685b428d27a0.jpg,2025-08-06T23:58:25.442843
35d93efd-b1f5-4f37-8887-a13e651a5da0,https://uscwuogmxxaxwvfueasr.supabase.co/storage/v1/object/public/layerminder-warehouse/reference/8b0c2347758f801c58f2ace3cb4548a7.jpg,2025-08-06T23:58:25.442843
78606d94-b1c2-468e-9e48-8bfe2fcdf4f0,https://uscwuogmxxaxwvfueasr.supabase.co/storage/v1/object/public/layerminder-warehouse/reference/8fd5a90f0cc2676b768b40c19e4172df.jpg,2025-08-06T23:58:25.442843
44201992-977e-4368-80f3-b6ae72d7b7fa,https://uscwuogmxxaxwvfueasr.supabase.co/storage/v1/object/public/layerminder-warehouse/reference/8fd839c1917926a2f38dd2b217e3c541.jpg,2025-08-06T23:58:25.442843
3b450703-d8ad-451a-b42a-3931bc5e73ad,https://uscwuogmxxaxwvfueasr.supabase.co/storage/v1/object/public/layerminder-warehouse/reference/964d88c7c7e8ec380b945335873e87e9.jpg,2025-08-06T23:58:25.442843
b3789352-20dc-4afc-a4a5-542f744e4beb,https://uscwuogmxxaxwvfueasr.supabase.co/storage/v1/object/public/layerminder-warehouse/reference/980f773dc635aac986dd99ac0ce05f55.png,2025-08-06T23:58:25.442843
33b7e81b-0dfa-4d0a-886f-3fa6dbf5de32,https://uscwuogmxxaxwvfueasr.supabase.co/storage/v1/object/public/layerminder-warehouse/reference/988dec5d8bd9c7367316055441bb1a2f.png,2025-08-06T23:58:25.442843
5b685ef1-ece2-4c3d-a8ca-8cf579b4c4e4,https://uscwuogmxxaxwvfueasr.supabase.co/storage/v1/object/public/layerminder-warehouse/reference/9d233f965f5edf3e483630258c8cf662.jpg,2025-08-06T23:58:25.442843
867cbc67-02ca-4bc9-adc4-ef340302960e,https://uscwuogmxxaxwvfueasr.supabase.co/storage/v1/object/public/layerminder-warehouse/reference/9f93b4c5735ca883a2001b4ccc280eda.jpg,2025-08-06T23:58:25.442843
4a87fb5c-db4c-45a4-8fc2-1c1a892299a4,https://uscwuogmxxaxwvfueasr.supabase.co/storage/v1/object/public/layerminder-warehouse/reference/a1fc044f7c6aad0cf23b202a3de859aa.jpg,2025-08-06T23:58:25.442843
b63618f8-e1f7-4dab-8754-b07cf863fbcc,https://uscwuogmxxaxwvfueasr.supabase.co/storage/v1/object/public/layerminder-warehouse/reference/a2c8149e3b1167164369f05e82fb5d08.png,2025-08-06T23:58:25.442843
8833148b-628a-42a3-9711-2e57212b98b2,https://uscwuogmxxaxwvfueasr.supabase.co/storage/v1/object/public/layerminder-warehouse/reference/a34cebdf2d72550859a75a678ada5296.jpg,2025-08-06T23:58:25.442843
543df771-015d-473b-8b0d-a126fc801bde,https://uscwuogmxxaxwvfueasr.supabase.co/storage/v1/object/public/layerminder-warehouse/reference/a498a4e13c2e4b2a4f6cf6a5248b68b8.jpg,2025-08-06T23:58:25.442843
8ad3460d-460f-4838-95c7-a5d357f92c0a,https://uscwuogmxxaxwvfueasr.supabase.co/storage/v1/object/public/layerminder-warehouse/reference/a75f79b654ea901eb4c0108e351ba98d.jpg,2025-08-06T23:58:25.442843
9e77d10d-51da-4ad1-97db-8168746af481,https://uscwuogmxxaxwvfueasr.supabase.co/storage/v1/object/public/layerminder-warehouse/reference/a7dfdf429f2cfc87cde7522e4d3128d4.jpg,2025-08-06T23:58:25.442843
848c7fa7-7aa6-488c-85d5-0698120644ec,https://uscwuogmxxaxwvfueasr.supabase.co/storage/v1/object/public/layerminder-warehouse/reference/ade908bc907cde86ce43a5ccc2e80ded.jpg,2025-08-06T23:58:25.442843
170af4a1-5a7f-4039-833c-958ec8fcf868,https://uscwuogmxxaxwvfueasr.supabase.co/storage/v1/object/public/layerminder-warehouse/reference/af1aff7515c51afebd48e00f4a428400.jpg,2025-08-06T23:58:25.442843
af8d759a-f1fd-4b94-97cf-98261dd68959,https://uscwuogmxxaxwvfueasr.supabase.co/storage/v1/object/public/layerminder-warehouse/reference/b29b3427e32a104087788785e25690f2.jpg,2025-08-06T23:58:25.442843
c1f2794d-1225-4eec-9297-50f1a75dd08a,https://uscwuogmxxaxwvfueasr.supabase.co/storage/v1/object/public/layerminder-warehouse/reference/b35f65f6848dd46fb2e777428ce4c093.jpg,2025-08-06T23:58:25.442843
7501f3f3-9c02-4ac4-98d2-69f4f44e5794,https://uscwuogmxxaxwvfueasr.supabase.co/storage/v1/object/public/layerminder-warehouse/reference/b52e2c8203fc4d892f49708dc87bd59e.png,2025-08-06T23:58:25.442843
ca2cfb50-1711-4ce1-8d09-c25316a3211d,https://uscwuogmxxaxwvfueasr.supabase.co/storage/v1/object/public/layerminder-warehouse/reference/b9c1230c0b3663e86caf2625f4247cf8.jpg,2025-08-06T23:58:25.442843
603e0700-6d9f-47f3-8bdc-4b993ca73a2f,https://uscwuogmxxaxwvfueasr.supabase.co/storage/v1/object/public/layerminder-warehouse/reference/balenciaga-objects-limited-edition-items-2.jpg,2025-08-06T23:58:25.442843
fc964667-4323-4963-b8cf-a9c602b1f3ec,https://uscwuogmxxaxwvfueasr.supabase.co/storage/v1/object/public/layerminder-warehouse/reference/be1f767f9dc6897b307c35bf3c5b59db.png,2025-08-06T23:58:25.442843
ebb166e6-fa6f-4fb6-9365-5d220938146b,https://uscwuogmxxaxwvfueasr.supabase.co/storage/v1/object/public/layerminder-warehouse/reference/bef8e917c86c9ecdffa576b0579be9bd.jpg,2025-08-06T23:58:25.442843
6a0fa349-1a60-4510-adc3-6aa9b67673ec,https://uscwuogmxxaxwvfueasr.supabase.co/storage/v1/object/public/layerminder-warehouse/reference/bench2-780x605.webp,2025-08-06T23:58:25.442843
